{
  "model_name": "WeatherResNetLSTM_multivar",
  "train": {
    "loss": 0.013949163137411657,
    "mse": 0.6775628924369812,
    "rmse": 0.8231421113014221,
    "mae": 0.6124536395072937,
    "r2": 0.9860564470291138,
    "bias": 0.06454838067293167,
    "mape": 0.21541494131088257
  },
  "validation": {
    "loss": 0.034217321406026464,
    "mse": 1.6625486612319946,
    "rmse": 1.2893985509872437,
    "mae": 0.9603013396263123,
    "r2": 0.9699088931083679,
    "bias": 0.004310455173254013,
    "mape": 0.33646512031555176
  },
  "test": {
    "loss": 0.03074870423459616,
    "mse": 1.4934680461883545,
    "rmse": 1.222075343132019,
    "mae": 0.9076137542724609,
    "r2": 0.9687545299530029,
    "bias": 0.035486456006765366,
    "mape": 0.31876814365386963
  }
}