{
  "model_name": "WeatherResNetLSTM_multivar",
  "train": {
    "loss": 0.02122325367246666,
    "mse": 1.0309993028640747,
    "rmse": 1.0153813362121582,
    "mae": 0.7616561651229858,
    "r2": 0.9787830710411072,
    "bias": -0.037134766578674316,
    "mape": 0.2678317129611969
  },
  "validation": {
    "loss": 0.035722204248656284,
    "mse": 1.7355098724365234,
    "rmse": 1.3173874616622925,
    "mae": 0.9879851341247559,
    "r2": 0.9685883522033691,
    "bias": -0.08923783898353577,
    "mape": 0.3461282253265381
  },
  "test": {
    "loss": 0.032415569795529696,
    "mse": 1.5743823051452637,
    "rmse": 1.2547439336776733,
    "mae": 0.9375041127204895,
    "r2": 0.9670616984367371,
    "bias": -0.05546260625123978,
    "mape": 0.32917970418930054
  }
}