{
  "model_name": "WeatherUNet_multivar",
  "train": {
    "loss": 0.02950506986383974,
    "mse": 1.4335591793060303,
    "rmse": 1.1973133087158203,
    "mae": 0.8783085942268372,
    "r2": 0.97049880027771,
    "bias": 0.1540566086769104,
    "mape": 0.30882325768470764
  },
  "validation": {
    "loss": 0.03372824662825563,
    "mse": 1.6392232179641724,
    "rmse": 1.280321478843689,
    "mae": 0.9315086603164673,
    "r2": 0.970331072807312,
    "bias": 0.10461238771677017,
    "mape": 0.3267975449562073
  },
  "test": {
    "loss": 0.03182405488860737,
    "mse": 1.544206976890564,
    "rmse": 1.2426612377166748,
    "mae": 0.9083308577537537,
    "r2": 0.967693030834198,
    "bias": 0.13182228803634644,
    "mape": 0.3190407156944275
  }
}