{
  "model_name": "WeatherUNet_multivar",
  "train": {
    "loss": 0.013537554609093026,
    "mse": 0.6576597690582275,
    "rmse": 0.8109622597694397,
    "mae": 0.6082813739776611,
    "r2": 0.9864660501480103,
    "bias": -0.01897086761891842,
    "mape": 0.21390315890312195
  },
  "validation": {
    "loss": 0.02819143597978157,
    "mse": 1.3700588941574097,
    "rmse": 1.1704951524734497,
    "mae": 0.8521760106086731,
    "r2": 0.9752027988433838,
    "bias": -0.03838597610592842,
    "mape": 0.29884451627731323
  },
  "test": {
    "loss": 0.026901763207355482,
    "mse": 1.3059691190719604,
    "rmse": 1.1427900791168213,
    "mae": 0.8304676413536072,
    "r2": 0.9726772904396057,
    "bias": -0.03301189839839935,
    "mape": 0.2915959358215332
  }
}