{
  "model_name": "WeatherUNET_multivar_SGD_MSE",
  "train": {
    "loss": 0.02983677889607901,
    "mse": 1.4494311809539795,
    "rmse": 1.203923225402832,
    "mae": 0.8924708962440491,
    "r2": 0.9701722264289856,
    "bias": 0.05173041671514511,
    "mape": 0.3137555420398712
  },
  "validation": {
    "loss": 0.03576564502257567,
    "mse": 1.7381905317306519,
    "rmse": 1.3184045553207397,
    "mae": 0.9698697328567505,
    "r2": 0.968539834022522,
    "bias": 0.0045208097435534,
    "mape": 0.3400821089744568
  },
  "test": {
    "loss": 0.03325292418196879,
    "mse": 1.6144400835037231,
    "rmse": 1.2706061601638794,
    "mae": 0.9393956661224365,
    "r2": 0.9662236571311951,
    "bias": 0.03404366597533226,
    "mape": 0.3298555612564087
  }
}