{
  "model_name": "WeatherCONVLSTM_multivar",
  "train": {
    "loss": 0.026477636857787624,
    "mse": 1.2863153219223022,
    "rmse": 1.1341583728790283,
    "mae": 0.8333753943443298,
    "r2": 0.9735289812088013,
    "bias": 0.09949765354394913,
    "mape": 0.2929002046585083
  },
  "validation": {
    "loss": 0.031828838369839796,
    "mse": 1.5469820499420166,
    "rmse": 1.2437772750854492,
    "mae": 0.9026167392730713,
    "r2": 0.9720005989074707,
    "bias": 0.0667491927742958,
    "mape": 0.3165622651576996
  },
  "test": {
    "loss": 0.029641971857251367,
    "mse": 1.4380319118499756,
    "rmse": 1.1991796493530273,
    "mae": 0.8745250105857849,
    "r2": 0.9699143171310425,
    "bias": 0.08442622423171997,
    "mape": 0.3070353865623474
  }
}