{
  "model_name": "WeatherUNet_multivar",
  "train": {
    "loss": 0.08611330254017001,
    "mse": 0.7053902745246887,
    "rmse": 0.8398751616477966,
    "mae": 0.6002206802368164,
    "r2": 0.9854838252067566,
    "bias": 0.09952796995639801,
    "mape": 0.21113520860671997
  },
  "validation": {
    "loss": 0.12053286873704784,
    "mse": 1.3571704626083374,
    "rmse": 1.1649765968322754,
    "mae": 0.8402260541915894,
    "r2": 0.9754360318183899,
    "bias": 0.06031276658177376,
    "mape": 0.2947644293308258
  },
  "test": {
    "loss": 0.11681650025271327,
    "mse": 1.2777971029281616,
    "rmse": 1.130396842956543,
    "mae": 0.8138729333877563,
    "r2": 0.9732666611671448,
    "bias": 0.08192671090364456,
    "mape": 0.28592705726623535
  }
}