{
  "model_name": "WeatherUNet",
  "train": {
    "loss": 0.019119482241013515,
    "mse": 0.9288573861122131,
    "rmse": 0.9637724757194519,
    "mae": 0.7151680588722229,
    "r2": 0.9808850884437561,
    "bias": 0.02625041827559471,
    "mape": 0.25147807598114014
  },
  "validation": {
    "loss": 0.0306848765115489,
    "mse": 1.4911969900131226,
    "rmse": 1.221145749092102,
    "mae": 0.8810620307922363,
    "r2": 0.973010241985321,
    "bias": 0.005677355919033289,
    "mape": 0.3089786469936371
  },
  "test": {
    "loss": 0.028155239899464644,
    "mse": 1.367138385772705,
    "rmse": 1.1692469120025635,
    "mae": 0.8497315645217896,
    "r2": 0.9713975191116333,
    "bias": 0.01334658544510603,
    "mape": 0.2983659505844116
  }
}